"","country","year","coverage","iso_alpha"
"1","Afghanistan","2006",NA,"AFG"
"2","Afghanistan","2007",NA,"AFG"
"3","Afghanistan","2008",NA,"AFG"
"4","Afghanistan","2009",NA,"AFG"
"5","Afghanistan","2010",NA,"AFG"
"6","Afghanistan","2011",NA,"AFG"
"7","Afghanistan","2012",NA,"AFG"
"8","Afghanistan","2013",NA,"AFG"
"9","Afghanistan","2014",NA,"AFG"
"10","Afghanistan","2015",NA,"AFG"
"11","Afghanistan","2016",NA,"AFG"
"12","Afghanistan","2017",NA,"AFG"
"13","Afghanistan","2018",45,"AFG"
"14","Afghanistan","2019",55,"AFG"
"15","Angola","2006",NA,"AGO"
"16","Angola","2007",NA,"AGO"
"17","Angola","2008",NA,"AGO"
"18","Angola","2009",NA,"AGO"
"19","Angola","2010",NA,"AGO"
"20","Angola","2011",NA,"AGO"
"21","Angola","2012",NA,"AGO"
"22","Angola","2013",NA,"AGO"
"23","Angola","2014",18,"AGO"
"24","Angola","2015",40,"AGO"
"25","Angola","2016",44,"AGO"
"26","Angola","2017",43,"AGO"
"27","Angola","2018",48,"AGO"
"28","Angola","2019",58,"AGO"
"29","Argentina","2006",NA,"ARG"
"30","Argentina","2007",NA,"ARG"
"31","Argentina","2008",NA,"ARG"
"32","Argentina","2009",NA,"ARG"
"33","Argentina","2010",NA,"ARG"
"34","Argentina","2011",NA,"ARG"
"35","Argentina","2012",NA,"ARG"
"36","Argentina","2013",NA,"ARG"
"37","Argentina","2014",NA,"ARG"
"38","Argentina","2015",61,"ARG"
"39","Argentina","2016",75,"ARG"
"40","Argentina","2017",78,"ARG"
"41","Argentina","2018",80,"ARG"
"42","Argentina","2019",72,"ARG"
"43","Armenia","2006",NA,"ARM"
"44","Armenia","2007",NA,"ARM"
"45","Armenia","2008",NA,"ARM"
"46","Armenia","2009",NA,"ARM"
"47","Armenia","2010",NA,"ARM"
"48","Armenia","2011",NA,"ARM"
"49","Armenia","2012",NA,"ARM"
"50","Armenia","2013",33,"ARM"
"51","Armenia","2014",91,"ARM"
"52","Armenia","2015",93,"ARM"
"53","Armenia","2016",94,"ARM"
"54","Armenia","2017",94,"ARM"
"55","Armenia","2018",93,"ARM"
"56","Armenia","2019",92,"ARM"
"57","Australia","2006",NA,"AUS"
"58","Australia","2007",NA,"AUS"
"59","Australia","2008",81,"AUS"
"60","Australia","2009",82,"AUS"
"61","Australia","2010",84,"AUS"
"62","Australia","2011",85,"AUS"
"63","Australia","2012",84,"AUS"
"64","Australia","2013",84,"AUS"
"65","Australia","2014",84,"AUS"
"66","Australia","2015",85,"AUS"
"67","Australia","2016",87,"AUS"
"68","Australia","2017",87,"AUS"
"69","Australia","2018",87,"AUS"
"70","Australia","2019",87,"AUS"
"71","Austria","2006",NA,"AUT"
"72","Austria","2007",NA,"AUT"
"73","Austria","2008",47,"AUT"
"74","Austria","2009",61,"AUT"
"75","Austria","2010",61,"AUT"
"76","Austria","2011",61,"AUT"
"77","Austria","2012",61,"AUT"
"78","Austria","2013",61,"AUT"
"79","Austria","2014",61,"AUT"
"80","Austria","2015",61,"AUT"
"81","Austria","2016",61,"AUT"
"82","Austria","2017",61,"AUT"
"83","Austria","2018",61,"AUT"
"84","Austria","2019",61,"AUT"
"85","Bahamas","2006",NA,"BHS"
"86","Bahamas","2007",NA,"BHS"
"87","Bahamas","2008",NA,"BHS"
"88","Bahamas","2009",NA,"BHS"
"89","Bahamas","2010",NA,"BHS"
"90","Bahamas","2011",NA,"BHS"
"91","Bahamas","2012",NA,"BHS"
"92","Bahamas","2013",NA,"BHS"
"93","Bahamas","2014",NA,"BHS"
"94","Bahamas","2015",NA,"BHS"
"95","Bahamas","2016",11,"BHS"
"96","Bahamas","2017",90,"BHS"
"97","Bahamas","2018",70,"BHS"
"98","Bahamas","2019",78,"BHS"
"99","Bahrain","2006",NA,"BHR"
"100","Bahrain","2007",NA,"BHR"
"101","Bahrain","2008",49,"BHR"
"102","Bahrain","2009",90,"BHR"
"103","Bahrain","2010",59,"BHR"
"104","Bahrain","2011",96,"BHR"
"105","Bahrain","2012",96,"BHR"
"106","Bahrain","2013",97,"BHR"
"107","Bahrain","2014",97,"BHR"
"108","Bahrain","2015",97,"BHR"
"109","Bahrain","2016",98,"BHR"
"110","Bahrain","2017",97,"BHR"
"111","Bahrain","2018",98,"BHR"
"112","Bahrain","2019",99,"BHR"
"113","Belgium","2006",NA,"BEL"
"114","Belgium","2007",NA,"BEL"
"115","Belgium","2008",NA,"BEL"
"116","Belgium","2009",NA,"BEL"
"117","Belgium","2010",NA,"BEL"
"118","Belgium","2011",NA,"BEL"
"119","Belgium","2012",86,"BEL"
"120","Belgium","2013",86,"BEL"
"121","Belgium","2014",86,"BEL"
"122","Belgium","2015",88,"BEL"
"123","Belgium","2016",87,"BEL"
"124","Belgium","2017",87,"BEL"
"125","Belgium","2018",87,"BEL"
"126","Belgium","2019",87,"BEL"
"127","Bolivia (Plurinational State of)","2006",NA,"BOL"
"128","Bolivia (Plurinational State of)","2007",NA,"BOL"
"129","Bolivia (Plurinational State of)","2008",51,"BOL"
"130","Bolivia (Plurinational State of)","2009",76,"BOL"
"131","Bolivia (Plurinational State of)","2010",87,"BOL"
"132","Bolivia (Plurinational State of)","2011",91,"BOL"
"133","Bolivia (Plurinational State of)","2012",91,"BOL"
"134","Bolivia (Plurinational State of)","2013",85,"BOL"
"135","Bolivia (Plurinational State of)","2014",85,"BOL"
"136","Bolivia (Plurinational State of)","2015",89,"BOL"
"137","Bolivia (Plurinational State of)","2016",87,"BOL"
"138","Bolivia (Plurinational State of)","2017",84,"BOL"
"139","Bolivia (Plurinational State of)","2018",87,"BOL"
"140","Bolivia (Plurinational State of)","2019",78,"BOL"
"141","Botswana","2006",NA,"BWA"
"142","Botswana","2007",NA,"BWA"
"143","Botswana","2008",NA,"BWA"
"144","Botswana","2009",NA,"BWA"
"145","Botswana","2010",NA,"BWA"
"146","Botswana","2011",NA,"BWA"
"147","Botswana","2012",74,"BWA"
"148","Botswana","2013",85,"BWA"
"149","Botswana","2014",95,"BWA"
"150","Botswana","2015",92,"BWA"
"151","Botswana","2016",88,"BWA"
"152","Botswana","2017",85,"BWA"
"153","Botswana","2018",87,"BWA"
"154","Botswana","2019",86,"BWA"
"155","Brazil","2006",47,"BRA"
"156","Brazil","2007",80,"BRA"
"157","Brazil","2008",81,"BRA"
"158","Brazil","2009",86,"BRA"
"159","Brazil","2010",83,"BRA"
"160","Brazil","2011",87,"BRA"
"161","Brazil","2012",86,"BRA"
"162","Brazil","2013",93,"BRA"
"163","Brazil","2014",92,"BRA"
"164","Brazil","2015",94,"BRA"
"165","Brazil","2016",88,"BRA"
"166","Brazil","2017",70,"BRA"
"167","Brazil","2018",80,"BRA"
"168","Brazil","2019",83,"BRA"
"169","Bulgaria","2006",NA,"BGR"
"170","Bulgaria","2007",NA,"BGR"
"171","Bulgaria","2008",NA,"BGR"
"172","Bulgaria","2009",NA,"BGR"
"173","Bulgaria","2010",NA,"BGR"
"174","Bulgaria","2011",NA,"BGR"
"175","Bulgaria","2012",NA,"BGR"
"176","Bulgaria","2013",NA,"BGR"
"177","Bulgaria","2014",NA,"BGR"
"178","Bulgaria","2015",NA,"BGR"
"179","Bulgaria","2016",NA,"BGR"
"180","Bulgaria","2017",NA,"BGR"
"181","Bulgaria","2018",31,"BGR"
"182","Bulgaria","2019",31,"BGR"
"183","Burkina Faso","2006",NA,"BFA"
"184","Burkina Faso","2007",NA,"BFA"
"185","Burkina Faso","2008",NA,"BFA"
"186","Burkina Faso","2009",NA,"BFA"
"187","Burkina Faso","2010",NA,"BFA"
"188","Burkina Faso","2011",NA,"BFA"
"189","Burkina Faso","2012",NA,"BFA"
"190","Burkina Faso","2013",9,"BFA"
"191","Burkina Faso","2014",91,"BFA"
"192","Burkina Faso","2015",91,"BFA"
"193","Burkina Faso","2016",91,"BFA"
"194","Burkina Faso","2017",91,"BFA"
"195","Burkina Faso","2018",91,"BFA"
"196","Burkina Faso","2019",91,"BFA"
"197","Burundi","2006",NA,"BDI"
"198","Burundi","2007",NA,"BDI"
"199","Burundi","2008",NA,"BDI"
"200","Burundi","2009",NA,"BDI"
"201","Burundi","2010",NA,"BDI"
"202","Burundi","2011",NA,"BDI"
"203","Burundi","2012",NA,"BDI"
"204","Burundi","2013",NA,"BDI"
"205","Burundi","2014",84,"BDI"
"206","Burundi","2015",96,"BDI"
"207","Burundi","2016",96,"BDI"
"208","Burundi","2017",93,"BDI"
"209","Burundi","2018",92,"BDI"
"210","Burundi","2019",95,"BDI"
"211","Cameroon","2006",NA,"CMR"
"212","Cameroon","2007",NA,"CMR"
"213","Cameroon","2008",NA,"CMR"
"214","Cameroon","2009",NA,"CMR"
"215","Cameroon","2010",NA,"CMR"
"216","Cameroon","2011",NA,"CMR"
"217","Cameroon","2012",NA,"CMR"
"218","Cameroon","2013",NA,"CMR"
"219","Cameroon","2014",34,"CMR"
"220","Cameroon","2015",61,"CMR"
"221","Cameroon","2016",68,"CMR"
"222","Cameroon","2017",70,"CMR"
"223","Cameroon","2018",65,"CMR"
"224","Cameroon","2019",65,"CMR"
"225","Canada","2006",NA,"CAN"
"226","Canada","2007",NA,"CAN"
"227","Canada","2008",NA,"CAN"
"228","Canada","2009",NA,"CAN"
"229","Canada","2010",NA,"CAN"
"230","Canada","2011",NA,"CAN"
"231","Canada","2012",NA,"CAN"
"232","Canada","2013",NA,"CAN"
"233","Canada","2014",NA,"CAN"
"234","Canada","2015",NA,"CAN"
"235","Canada","2016",NA,"CAN"
"236","Canada","2017",79,"CAN"
"237","Canada","2018",79,"CAN"
"238","Canada","2019",79,"CAN"
"239","Colombia","2006",NA,"COL"
"240","Colombia","2007",NA,"COL"
"241","Colombia","2008",NA,"COL"
"242","Colombia","2009",55,"COL"
"243","Colombia","2010",74,"COL"
"244","Colombia","2011",78,"COL"
"245","Colombia","2012",87,"COL"
"246","Colombia","2013",87,"COL"
"247","Colombia","2014",89,"COL"
"248","Colombia","2015",91,"COL"
"249","Colombia","2016",90,"COL"
"250","Colombia","2017",90,"COL"
"251","Colombia","2018",90,"COL"
"252","Colombia","2019",90,"COL"
"253","Congo","2006",NA,"COG"
"254","Congo","2007",NA,"COG"
"255","Congo","2008",NA,"COG"
"256","Congo","2009",NA,"COG"
"257","Congo","2010",NA,"COG"
"258","Congo","2011",NA,"COG"
"259","Congo","2012",NA,"COG"
"260","Congo","2013",NA,"COG"
"261","Congo","2014",60,"COG"
"262","Congo","2015",80,"COG"
"263","Congo","2016",64,"COG"
"264","Congo","2017",64,"COG"
"265","Congo","2018",72,"COG"
"266","Congo","2019",71,"COG"
"267","Costa Rica","2006",NA,"CRI"
"268","Costa Rica","2007",NA,"CRI"
"269","Costa Rica","2008",NA,"CRI"
"270","Costa Rica","2009",NA,"CRI"
"271","Costa Rica","2010",NA,"CRI"
"272","Costa Rica","2011",NA,"CRI"
"273","Costa Rica","2012",NA,"CRI"
"274","Costa Rica","2013",NA,"CRI"
"275","Costa Rica","2014",NA,"CRI"
"276","Costa Rica","2015",NA,"CRI"
"277","Costa Rica","2016",NA,"CRI"
"278","Costa Rica","2017",NA,"CRI"
"279","Costa Rica","2018",NA,"CRI"
"280","Costa Rica","2019",59,"CRI"
"281","Côte d'Ivoire","2006",NA,"CIV"
"282","Côte d'Ivoire","2007",NA,"CIV"
"283","Côte d'Ivoire","2008",NA,"CIV"
"284","Côte d'Ivoire","2009",NA,"CIV"
"285","Côte d'Ivoire","2010",NA,"CIV"
"286","Côte d'Ivoire","2011",NA,"CIV"
"287","Côte d'Ivoire","2012",NA,"CIV"
"288","Côte d'Ivoire","2013",NA,"CIV"
"289","Côte d'Ivoire","2014",NA,"CIV"
"290","Côte d'Ivoire","2015",NA,"CIV"
"291","Côte d'Ivoire","2016",NA,"CIV"
"292","Côte d'Ivoire","2017",40,"CIV"
"293","Côte d'Ivoire","2018",59,"CIV"
"294","Côte d'Ivoire","2019",70,"CIV"
"295","Djibouti","2006",NA,"DJI"
"296","Djibouti","2007",NA,"DJI"
"297","Djibouti","2008",NA,"DJI"
"298","Djibouti","2009",NA,"DJI"
"299","Djibouti","2010",NA,"DJI"
"300","Djibouti","2011",NA,"DJI"
"301","Djibouti","2012",NA,"DJI"
"302","Djibouti","2013",NA,"DJI"
"303","Djibouti","2014",NA,"DJI"
"304","Djibouti","2015",86,"DJI"
"305","Djibouti","2016",72,"DJI"
"306","Djibouti","2017",80,"DJI"
"307","Djibouti","2018",87,"DJI"
"308","Djibouti","2019",88,"DJI"
"309","Dominican Republic","2006",NA,"DOM"
"310","Dominican Republic","2007",NA,"DOM"
"311","Dominican Republic","2008",NA,"DOM"
"312","Dominican Republic","2009",NA,"DOM"
"313","Dominican Republic","2010",NA,"DOM"
"314","Dominican Republic","2011",NA,"DOM"
"315","Dominican Republic","2012",9,"DOM"
"316","Dominican Republic","2013",69,"DOM"
"317","Dominican Republic","2014",86,"DOM"
"318","Dominican Republic","2015",83,"DOM"
"319","Dominican Republic","2016",75,"DOM"
"320","Dominican Republic","2017",82,"DOM"
"321","Dominican Republic","2018",82,"DOM"
"322","Dominican Republic","2019",80,"DOM"
"323","Ecuador","2006",NA,"ECU"
"324","Ecuador","2007",NA,"ECU"
"325","Ecuador","2008",82,"ECU"
"326","Ecuador","2009",97,"ECU"
"327","Ecuador","2010",94,"ECU"
"328","Ecuador","2011",90,"ECU"
"329","Ecuador","2012",87,"ECU"
"330","Ecuador","2013",83,"ECU"
"331","Ecuador","2014",81,"ECU"
"332","Ecuador","2015",78,"ECU"
"333","Ecuador","2016",80,"ECU"
"334","Ecuador","2017",84,"ECU"
"335","Ecuador","2018",85,"ECU"
"336","Ecuador","2019",85,"ECU"
"337","El Salvador","2006",25,"SLV"
"338","El Salvador","2007",78,"SLV"
"339","El Salvador","2008",83,"SLV"
"340","El Salvador","2009",62,"SLV"
"341","El Salvador","2010",90,"SLV"
"342","El Salvador","2011",90,"SLV"
"343","El Salvador","2012",93,"SLV"
"344","El Salvador","2013",92,"SLV"
"345","El Salvador","2014",96,"SLV"
"346","El Salvador","2015",93,"SLV"
"347","El Salvador","2016",93,"SLV"
"348","El Salvador","2017",84,"SLV"
"349","El Salvador","2018",82,"SLV"
"350","El Salvador","2019",82,"SLV"
"351","Eritrea","2006",NA,"ERI"
"352","Eritrea","2007",NA,"ERI"
"353","Eritrea","2008",NA,"ERI"
"354","Eritrea","2009",NA,"ERI"
"355","Eritrea","2010",NA,"ERI"
"356","Eritrea","2011",NA,"ERI"
"357","Eritrea","2012",NA,"ERI"
"358","Eritrea","2013",NA,"ERI"
"359","Eritrea","2014",25,"ERI"
"360","Eritrea","2015",96,"ERI"
"361","Eritrea","2016",96,"ERI"
"362","Eritrea","2017",96,"ERI"
"363","Eritrea","2018",96,"ERI"
"364","Eritrea","2019",96,"ERI"
"365","Estonia","2006",NA,"EST"
"366","Estonia","2007",NA,"EST"
"367","Estonia","2008",NA,"EST"
"368","Estonia","2009",NA,"EST"
"369","Estonia","2010",NA,"EST"
"370","Estonia","2011",NA,"EST"
"371","Estonia","2012",NA,"EST"
"372","Estonia","2013",NA,"EST"
"373","Estonia","2014",32,"EST"
"374","Estonia","2015",64,"EST"
"375","Estonia","2016",85,"EST"
"376","Estonia","2017",87,"EST"
"377","Estonia","2018",85,"EST"
"378","Estonia","2019",81,"EST"
"379","Eswatini","2006",NA,NA
"380","Eswatini","2007",NA,NA
"381","Eswatini","2008",NA,NA
"382","Eswatini","2009",NA,NA
"383","Eswatini","2010",NA,NA
"384","Eswatini","2011",NA,NA
"385","Eswatini","2012",NA,NA
"386","Eswatini","2013",NA,NA
"387","Eswatini","2014",NA,NA
"388","Eswatini","2015",36,NA
"389","Eswatini","2016",95,NA
"390","Eswatini","2017",86,NA
"391","Eswatini","2018",90,NA
"392","Eswatini","2019",87,NA
"393","Ethiopia","2006",NA,"ETH"
"394","Ethiopia","2007",NA,"ETH"
"395","Ethiopia","2008",NA,"ETH"
"396","Ethiopia","2009",NA,"ETH"
"397","Ethiopia","2010",NA,"ETH"
"398","Ethiopia","2011",NA,"ETH"
"399","Ethiopia","2012",NA,"ETH"
"400","Ethiopia","2013",NA,"ETH"
"401","Ethiopia","2014",56,"ETH"
"402","Ethiopia","2015",60,"ETH"
"403","Ethiopia","2016",63,"ETH"
"404","Ethiopia","2017",67,"ETH"
"405","Ethiopia","2018",66,"ETH"
"406","Ethiopia","2019",68,"ETH"
"407","Fiji","2006",NA,"FJI"
"408","Fiji","2007",NA,"FJI"
"409","Fiji","2008",NA,"FJI"
"410","Fiji","2009",NA,"FJI"
"411","Fiji","2010",NA,"FJI"
"412","Fiji","2011",NA,"FJI"
"413","Fiji","2012",NA,"FJI"
"414","Fiji","2013",85,"FJI"
"415","Fiji","2014",99,"FJI"
"416","Fiji","2015",99,"FJI"
"417","Fiji","2016",99,"FJI"
"418","Fiji","2017",99,"FJI"
"419","Fiji","2018",99,"FJI"
"420","Fiji","2019",99,"FJI"
"421","Finland","2006",NA,"FIN"
"422","Finland","2007",NA,"FIN"
"423","Finland","2008",NA,"FIN"
"424","Finland","2009",NA,"FIN"
"425","Finland","2010",93,"FIN"
"426","Finland","2011",93,"FIN"
"427","Finland","2012",93,"FIN"
"428","Finland","2013",93,"FIN"
"429","Finland","2014",92,"FIN"
"430","Finland","2015",91,"FIN"
"431","Finland","2016",84,"FIN"
"432","Finland","2017",80,"FIN"
"433","Finland","2018",82,"FIN"
"434","Finland","2019",83,"FIN"
"435","Gambia","2006",NA,"GMB"
"436","Gambia","2007",NA,"GMB"
"437","Gambia","2008",NA,"GMB"
"438","Gambia","2009",NA,"GMB"
"439","Gambia","2010",NA,"GMB"
"440","Gambia","2011",NA,"GMB"
"441","Gambia","2012",NA,"GMB"
"442","Gambia","2013",7,"GMB"
"443","Gambia","2014",92,"GMB"
"444","Gambia","2015",97,"GMB"
"445","Gambia","2016",95,"GMB"
"446","Gambia","2017",93,"GMB"
"447","Gambia","2018",93,"GMB"
"448","Gambia","2019",90,"GMB"
"449","Georgia","2006",NA,"GEO"
"450","Georgia","2007",NA,"GEO"
"451","Georgia","2008",NA,"GEO"
"452","Georgia","2009",NA,"GEO"
"453","Georgia","2010",NA,"GEO"
"454","Georgia","2011",NA,"GEO"
"455","Georgia","2012",NA,"GEO"
"456","Georgia","2013",41,"GEO"
"457","Georgia","2014",69,"GEO"
"458","Georgia","2015",72,"GEO"
"459","Georgia","2016",75,"GEO"
"460","Georgia","2017",76,"GEO"
"461","Georgia","2018",79,"GEO"
"462","Georgia","2019",81,"GEO"
"463","Germany","2006",NA,"DEU"
"464","Germany","2007",NA,"DEU"
"465","Germany","2008",NA,"DEU"
"466","Germany","2009",NA,"DEU"
"467","Germany","2010",NA,"DEU"
"468","Germany","2011",NA,"DEU"
"469","Germany","2012",NA,"DEU"
"470","Germany","2013",NA,"DEU"
"471","Germany","2014",67,"DEU"
"472","Germany","2015",68,"DEU"
"473","Germany","2016",68,"DEU"
"474","Germany","2017",68,"DEU"
"475","Germany","2018",68,"DEU"
"476","Germany","2019",68,"DEU"
"477","Ghana","2006",NA,"GHA"
"478","Ghana","2007",NA,"GHA"
"479","Ghana","2008",NA,"GHA"
"480","Ghana","2009",NA,"GHA"
"481","Ghana","2010",NA,"GHA"
"482","Ghana","2011",NA,"GHA"
"483","Ghana","2012",49,"GHA"
"484","Ghana","2013",87,"GHA"
"485","Ghana","2014",98,"GHA"
"486","Ghana","2015",88,"GHA"
"487","Ghana","2016",94,"GHA"
"488","Ghana","2017",97,"GHA"
"489","Ghana","2018",94,"GHA"
"490","Ghana","2019",93,"GHA"
"491","Greece","2006",NA,"GRC"
"492","Greece","2007",NA,"GRC"
"493","Greece","2008",NA,"GRC"
"494","Greece","2009",NA,"GRC"
"495","Greece","2010",NA,"GRC"
"496","Greece","2011",NA,"GRC"
"497","Greece","2012",NA,"GRC"
"498","Greece","2013",NA,"GRC"
"499","Greece","2014",20,"GRC"
"500","Greece","2015",20,"GRC"
"501","Greece","2016",20,"GRC"
"502","Greece","2017",20,"GRC"
"503","Greece","2018",20,"GRC"
"504","Greece","2019",20,"GRC"
"505","Guatemala","2006",NA,"GTM"
"506","Guatemala","2007",NA,"GTM"
"507","Guatemala","2008",NA,"GTM"
"508","Guatemala","2009",NA,"GTM"
"509","Guatemala","2010",38,"GTM"
"510","Guatemala","2011",71,"GTM"
"511","Guatemala","2012",81,"GTM"
"512","Guatemala","2013",81,"GTM"
"513","Guatemala","2014",54,"GTM"
"514","Guatemala","2015",79,"GTM"
"515","Guatemala","2016",82,"GTM"
"516","Guatemala","2017",80,"GTM"
"517","Guatemala","2018",87,"GTM"
"518","Guatemala","2019",86,"GTM"
"519","Guinea-Bissau","2006",NA,"GNB"
"520","Guinea-Bissau","2007",NA,"GNB"
"521","Guinea-Bissau","2008",NA,"GNB"
"522","Guinea-Bissau","2009",NA,"GNB"
"523","Guinea-Bissau","2010",NA,"GNB"
"524","Guinea-Bissau","2011",NA,"GNB"
"525","Guinea-Bissau","2012",NA,"GNB"
"526","Guinea-Bissau","2013",NA,"GNB"
"527","Guinea-Bissau","2014",NA,"GNB"
"528","Guinea-Bissau","2015",NA,"GNB"
"529","Guinea-Bissau","2016",61,"GNB"
"530","Guinea-Bissau","2017",88,"GNB"
"531","Guinea-Bissau","2018",88,"GNB"
"532","Guinea-Bissau","2019",84,"GNB"
"533","Guyana","2006",NA,"GUY"
"534","Guyana","2007",NA,"GUY"
"535","Guyana","2008",NA,"GUY"
"536","Guyana","2009",NA,"GUY"
"537","Guyana","2010",39,"GUY"
"538","Guyana","2011",77,"GUY"
"539","Guyana","2012",91,"GUY"
"540","Guyana","2013",94,"GUY"
"541","Guyana","2014",95,"GUY"
"542","Guyana","2015",96,"GUY"
"543","Guyana","2016",96,"GUY"
"544","Guyana","2017",97,"GUY"
"545","Guyana","2018",91,"GUY"
"546","Guyana","2019",99,"GUY"
"547","Haiti","2006",NA,"HTI"
"548","Haiti","2007",NA,"HTI"
"549","Haiti","2008",NA,"HTI"
"550","Haiti","2009",NA,"HTI"
"551","Haiti","2010",NA,"HTI"
"552","Haiti","2011",NA,"HTI"
"553","Haiti","2012",NA,"HTI"
"554","Haiti","2013",NA,"HTI"
"555","Haiti","2014",23,"HTI"
"556","Haiti","2015",58,"HTI"
"557","Haiti","2016",58,"HTI"
"558","Haiti","2017",58,"HTI"
"559","Haiti","2018",58,"HTI"
"560","Haiti","2019",48,"HTI"
"561","Honduras","2006",NA,"HND"
"562","Honduras","2007",NA,"HND"
"563","Honduras","2008",NA,"HND"
"564","Honduras","2009",81,"HND"
"565","Honduras","2010",97,"HND"
"566","Honduras","2011",97,"HND"
"567","Honduras","2012",98,"HND"
"568","Honduras","2013",98,"HND"
"569","Honduras","2014",99,"HND"
"570","Honduras","2015",99,"HND"
"571","Honduras","2016",95,"HND"
"572","Honduras","2017",90,"HND"
"573","Honduras","2018",91,"HND"
"574","Honduras","2019",88,"HND"
"575","India","2006",NA,"IND"
"576","India","2007",NA,"IND"
"577","India","2008",NA,"IND"
"578","India","2009",NA,"IND"
"579","India","2010",NA,"IND"
"580","India","2011",NA,"IND"
"581","India","2012",NA,"IND"
"582","India","2013",NA,"IND"
"583","India","2014",NA,"IND"
"584","India","2015",NA,"IND"
"585","India","2016",4,"IND"
"586","India","2017",13,"IND"
"587","India","2018",35,"IND"
"588","India","2019",53,"IND"
"589","Iraq","2006",NA,"IRQ"
"590","Iraq","2007",NA,"IRQ"
"591","Iraq","2008",NA,"IRQ"
"592","Iraq","2009",NA,"IRQ"
"593","Iraq","2010",NA,"IRQ"
"594","Iraq","2011",NA,"IRQ"
"595","Iraq","2012",31,"IRQ"
"596","Iraq","2013",52,"IRQ"
"597","Iraq","2014",29,"IRQ"
"598","Iraq","2015",43,"IRQ"
"599","Iraq","2016",53,"IRQ"
"600","Iraq","2017",63,"IRQ"
"601","Iraq","2018",60,"IRQ"
"602","Iraq","2019",5,"IRQ"
"603","Ireland","2006",NA,"IRL"
"604","Ireland","2007",NA,"IRL"
"605","Ireland","2008",NA,"IRL"
"606","Ireland","2009",NA,"IRL"
"607","Ireland","2010",NA,"IRL"
"608","Ireland","2011",NA,"IRL"
"609","Ireland","2012",NA,"IRL"
"610","Ireland","2013",NA,"IRL"
"611","Ireland","2014",NA,"IRL"
"612","Ireland","2015",NA,"IRL"
"613","Ireland","2016",NA,"IRL"
"614","Ireland","2017",89,"IRL"
"615","Ireland","2018",89,"IRL"
"616","Ireland","2019",89,"IRL"
"617","Israel","2006",NA,"ISR"
"618","Israel","2007",NA,"ISR"
"619","Israel","2008",NA,"ISR"
"620","Israel","2009",NA,"ISR"
"621","Israel","2010",NA,"ISR"
"622","Israel","2011",NA,"ISR"
"623","Israel","2012",82,"ISR"
"624","Israel","2013",80,"ISR"
"625","Israel","2014",81,"ISR"
"626","Israel","2015",80,"ISR"
"627","Israel","2016",81,"ISR"
"628","Israel","2017",81,"ISR"
"629","Israel","2018",81,"ISR"
"630","Israel","2019",81,"ISR"
"631","Italy","2006",NA,"ITA"
"632","Italy","2007",NA,"ITA"
"633","Italy","2008",NA,"ITA"
"634","Italy","2009",NA,"ITA"
"635","Italy","2010",NA,"ITA"
"636","Italy","2011",NA,"ITA"
"637","Italy","2012",NA,"ITA"
"638","Italy","2013",NA,"ITA"
"639","Italy","2014",NA,"ITA"
"640","Italy","2015",NA,"ITA"
"641","Italy","2016",NA,"ITA"
"642","Italy","2017",14,"ITA"
"643","Italy","2018",19,"ITA"
"644","Italy","2019",61,"ITA"
"645","Jordan","2006",NA,"JOR"
"646","Jordan","2007",NA,"JOR"
"647","Jordan","2008",NA,"JOR"
"648","Jordan","2009",NA,"JOR"
"649","Jordan","2010",NA,"JOR"
"650","Jordan","2011",NA,"JOR"
"651","Jordan","2012",NA,"JOR"
"652","Jordan","2013",NA,"JOR"
"653","Jordan","2014",NA,"JOR"
"654","Jordan","2015",88,"JOR"
"655","Jordan","2016",97,"JOR"
"656","Jordan","2017",96,"JOR"
"657","Jordan","2018",93,"JOR"
"658","Jordan","2019",86,"JOR"
"659","Kenya","2006",NA,"KEN"
"660","Kenya","2007",NA,"KEN"
"661","Kenya","2008",NA,"KEN"
"662","Kenya","2009",NA,"KEN"
"663","Kenya","2010",NA,"KEN"
"664","Kenya","2011",NA,"KEN"
"665","Kenya","2012",NA,"KEN"
"666","Kenya","2013",NA,"KEN"
"667","Kenya","2014",19,"KEN"
"668","Kenya","2015",66,"KEN"
"669","Kenya","2016",74,"KEN"
"670","Kenya","2017",67,"KEN"
"671","Kenya","2018",92,"KEN"
"672","Kenya","2019",92,"KEN"
"673","Kiribati","2006",NA,"KIR"
"674","Kiribati","2007",NA,"KIR"
"675","Kiribati","2008",NA,"KIR"
"676","Kiribati","2009",NA,"KIR"
"677","Kiribati","2010",NA,"KIR"
"678","Kiribati","2011",NA,"KIR"
"679","Kiribati","2012",NA,"KIR"
"680","Kiribati","2013",NA,"KIR"
"681","Kiribati","2014",NA,"KIR"
"682","Kiribati","2015",37,"KIR"
"683","Kiribati","2016",79,"KIR"
"684","Kiribati","2017",91,"KIR"
"685","Kiribati","2018",97,"KIR"
"686","Kiribati","2019",99,"KIR"
"687","Kuwait","2006",NA,"KWT"
"688","Kuwait","2007",NA,"KWT"
"689","Kuwait","2008",NA,"KWT"
"690","Kuwait","2009",NA,"KWT"
"691","Kuwait","2010",NA,"KWT"
"692","Kuwait","2011",NA,"KWT"
"693","Kuwait","2012",NA,"KWT"
"694","Kuwait","2013",NA,"KWT"
"695","Kuwait","2014",NA,"KWT"
"696","Kuwait","2015",NA,"KWT"
"697","Kuwait","2016",NA,"KWT"
"698","Kuwait","2017",3,"KWT"
"699","Kuwait","2018",69,"KWT"
"700","Kuwait","2019",69,"KWT"
"701","Latvia","2006",NA,"LVA"
"702","Latvia","2007",NA,"LVA"
"703","Latvia","2008",NA,"LVA"
"704","Latvia","2009",NA,"LVA"
"705","Latvia","2010",NA,"LVA"
"706","Latvia","2011",NA,"LVA"
"707","Latvia","2012",NA,"LVA"
"708","Latvia","2013",NA,"LVA"
"709","Latvia","2014",NA,"LVA"
"710","Latvia","2015",NA,"LVA"
"711","Latvia","2016",43,"LVA"
"712","Latvia","2017",78,"LVA"
"713","Latvia","2018",79,"LVA"
"714","Latvia","2019",85,"LVA"
"715","Lesotho","2006",NA,"LSO"
"716","Lesotho","2007",NA,"LSO"
"717","Lesotho","2008",NA,"LSO"
"718","Lesotho","2009",NA,"LSO"
"719","Lesotho","2010",NA,"LSO"
"720","Lesotho","2011",NA,"LSO"
"721","Lesotho","2012",NA,"LSO"
"722","Lesotho","2013",NA,"LSO"
"723","Lesotho","2014",NA,"LSO"
"724","Lesotho","2015",NA,"LSO"
"725","Lesotho","2016",NA,"LSO"
"726","Lesotho","2017",NA,"LSO"
"727","Lesotho","2018",70,"LSO"
"728","Lesotho","2019",87,"LSO"
"729","Liberia","2006",NA,"LBR"
"730","Liberia","2007",NA,"LBR"
"731","Liberia","2008",NA,"LBR"
"732","Liberia","2009",NA,"LBR"
"733","Liberia","2010",NA,"LBR"
"734","Liberia","2011",NA,"LBR"
"735","Liberia","2012",NA,"LBR"
"736","Liberia","2013",NA,"LBR"
"737","Liberia","2014",NA,"LBR"
"738","Liberia","2015",NA,"LBR"
"739","Liberia","2016",48,"LBR"
"740","Liberia","2017",74,"LBR"
"741","Liberia","2018",75,"LBR"
"742","Liberia","2019",63,"LBR"
"743","Libya","2006",NA,"LBY"
"744","Libya","2007",NA,"LBY"
"745","Libya","2008",NA,"LBY"
"746","Libya","2009",NA,"LBY"
"747","Libya","2010",NA,"LBY"
"748","Libya","2011",NA,"LBY"
"749","Libya","2012",NA,"LBY"
"750","Libya","2013",NA,"LBY"
"751","Libya","2014",86,"LBY"
"752","Libya","2015",93,"LBY"
"753","Libya","2016",97,"LBY"
"754","Libya","2017",96,"LBY"
"755","Libya","2018",73,"LBY"
"756","Libya","2019",73,"LBY"
"757","Lithuania","2006",NA,"LTU"
"758","Lithuania","2007",NA,"LTU"
"759","Lithuania","2008",NA,"LTU"
"760","Lithuania","2009",NA,"LTU"
"761","Lithuania","2010",NA,"LTU"
"762","Lithuania","2011",NA,"LTU"
"763","Lithuania","2012",NA,"LTU"
"764","Lithuania","2013",NA,"LTU"
"765","Lithuania","2014",NA,"LTU"
"766","Lithuania","2015",NA,"LTU"
"767","Lithuania","2016",NA,"LTU"
"768","Lithuania","2017",NA,"LTU"
"769","Lithuania","2018",1,"LTU"
"770","Lithuania","2019",45,"LTU"
"771","Luxembourg","2006",NA,"LUX"
"772","Luxembourg","2007",NA,"LUX"
"773","Luxembourg","2008",NA,"LUX"
"774","Luxembourg","2009",86,"LUX"
"775","Luxembourg","2010",87,"LUX"
"776","Luxembourg","2011",88,"LUX"
"777","Luxembourg","2012",89,"LUX"
"778","Luxembourg","2013",89,"LUX"
"779","Luxembourg","2014",89,"LUX"
"780","Luxembourg","2015",89,"LUX"
"781","Luxembourg","2016",89,"LUX"
"782","Luxembourg","2017",89,"LUX"
"783","Luxembourg","2018",89,"LUX"
"784","Luxembourg","2019",89,"LUX"
"785","Madagascar","2006",NA,"MDG"
"786","Madagascar","2007",NA,"MDG"
"787","Madagascar","2008",NA,"MDG"
"788","Madagascar","2009",NA,"MDG"
"789","Madagascar","2010",NA,"MDG"
"790","Madagascar","2011",NA,"MDG"
"791","Madagascar","2012",NA,"MDG"
"792","Madagascar","2013",NA,"MDG"
"793","Madagascar","2014",50,"MDG"
"794","Madagascar","2015",69,"MDG"
"795","Madagascar","2016",77,"MDG"
"796","Madagascar","2017",74,"MDG"
"797","Madagascar","2018",75,"MDG"
"798","Madagascar","2019",79,"MDG"
"799","Malawi","2006",NA,"MWI"
"800","Malawi","2007",NA,"MWI"
"801","Malawi","2008",NA,"MWI"
"802","Malawi","2009",NA,"MWI"
"803","Malawi","2010",NA,"MWI"
"804","Malawi","2011",NA,"MWI"
"805","Malawi","2012",7,"MWI"
"806","Malawi","2013",81,"MWI"
"807","Malawi","2014",83,"MWI"
"808","Malawi","2015",84,"MWI"
"809","Malawi","2016",81,"MWI"
"810","Malawi","2017",85,"MWI"
"811","Malawi","2018",90,"MWI"
"812","Malawi","2019",92,"MWI"
"813","Mali","2006",NA,"MLI"
"814","Mali","2007",NA,"MLI"
"815","Mali","2008",NA,"MLI"
"816","Mali","2009",NA,"MLI"
"817","Mali","2010",NA,"MLI"
"818","Mali","2011",NA,"MLI"
"819","Mali","2012",NA,"MLI"
"820","Mali","2013",NA,"MLI"
"821","Mali","2014",23,"MLI"
"822","Mali","2015",35,"MLI"
"823","Mali","2016",62,"MLI"
"824","Mali","2017",63,"MLI"
"825","Mali","2018",63,"MLI"
"826","Mali","2019",63,"MLI"
"827","Marshall Islands","2006",NA,"MHL"
"828","Marshall Islands","2007",NA,"MHL"
"829","Marshall Islands","2008",NA,"MHL"
"830","Marshall Islands","2009",71,"MHL"
"831","Marshall Islands","2010",25,"MHL"
"832","Marshall Islands","2011",43,"MHL"
"833","Marshall Islands","2012",60,"MHL"
"834","Marshall Islands","2013",52,"MHL"
"835","Marshall Islands","2014",44,"MHL"
"836","Marshall Islands","2015",41,"MHL"
"837","Marshall Islands","2016",38,"MHL"
"838","Marshall Islands","2017",46,"MHL"
"839","Marshall Islands","2018",42,"MHL"
"840","Marshall Islands","2019",60,"MHL"
"841","Mauritania","2006",NA,"MRT"
"842","Mauritania","2007",NA,"MRT"
"843","Mauritania","2008",NA,"MRT"
"844","Mauritania","2009",NA,"MRT"
"845","Mauritania","2010",NA,"MRT"
"846","Mauritania","2011",NA,"MRT"
"847","Mauritania","2012",NA,"MRT"
"848","Mauritania","2013",NA,"MRT"
"849","Mauritania","2014",5,"MRT"
"850","Mauritania","2015",56,"MRT"
"851","Mauritania","2016",73,"MRT"
"852","Mauritania","2017",76,"MRT"
"853","Mauritania","2018",76,"MRT"
"854","Mauritania","2019",76,"MRT"
"855","Mauritius","2006",NA,"MUS"
"856","Mauritius","2007",NA,"MUS"
"857","Mauritius","2008",NA,"MUS"
"858","Mauritius","2009",NA,"MUS"
"859","Mauritius","2010",NA,"MUS"
"860","Mauritius","2011",NA,"MUS"
"861","Mauritius","2012",NA,"MUS"
"862","Mauritius","2013",NA,"MUS"
"863","Mauritius","2014",NA,"MUS"
"864","Mauritius","2015",66,"MUS"
"865","Mauritius","2016",92,"MUS"
"866","Mauritius","2017",90,"MUS"
"867","Mauritius","2018",95,"MUS"
"868","Mauritius","2019",96,"MUS"
"869","Mexico","2006",NA,"MEX"
"870","Mexico","2007",NA,"MEX"
"871","Mexico","2008",47,"MEX"
"872","Mexico","2009",93,"MEX"
"873","Mexico","2010",90,"MEX"
"874","Mexico","2011",98,"MEX"
"875","Mexico","2012",99,"MEX"
"876","Mexico","2013",81,"MEX"
"877","Mexico","2014",85,"MEX"
"878","Mexico","2015",81,"MEX"
"879","Mexico","2016",72,"MEX"
"880","Mexico","2017",70,"MEX"
"881","Mexico","2018",77,"MEX"
"882","Mexico","2019",82,"MEX"
"883","Micronesia (Federated States of)","2006",NA,"FSM"
"884","Micronesia (Federated States of)","2007",NA,"FSM"
"885","Micronesia (Federated States of)","2008",NA,"FSM"
"886","Micronesia (Federated States of)","2009",NA,"FSM"
"887","Micronesia (Federated States of)","2010",70,"FSM"
"888","Micronesia (Federated States of)","2011",40,"FSM"
"889","Micronesia (Federated States of)","2012",45,"FSM"
"890","Micronesia (Federated States of)","2013",33,"FSM"
"891","Micronesia (Federated States of)","2014",40,"FSM"
"892","Micronesia (Federated States of)","2015",46,"FSM"
"893","Micronesia (Federated States of)","2016",35,"FSM"
"894","Micronesia (Federated States of)","2017",35,"FSM"
"895","Micronesia (Federated States of)","2018",52,"FSM"
"896","Micronesia (Federated States of)","2019",36,"FSM"
"897","Morocco","2006",NA,"MAR"
"898","Morocco","2007",NA,"MAR"
"899","Morocco","2008",NA,"MAR"
"900","Morocco","2009",NA,"MAR"
"901","Morocco","2010",2,"MAR"
"902","Morocco","2011",80,"MAR"
"903","Morocco","2012",88,"MAR"
"904","Morocco","2013",90,"MAR"
"905","Morocco","2014",90,"MAR"
"906","Morocco","2015",90,"MAR"
"907","Morocco","2016",99,"MAR"
"908","Morocco","2017",99,"MAR"
"909","Morocco","2018",99,"MAR"
"910","Morocco","2019",98,"MAR"
"911","Mozambique","2006",NA,"MOZ"
"912","Mozambique","2007",NA,"MOZ"
"913","Mozambique","2008",NA,"MOZ"
"914","Mozambique","2009",NA,"MOZ"
"915","Mozambique","2010",NA,"MOZ"
"916","Mozambique","2011",NA,"MOZ"
"917","Mozambique","2012",NA,"MOZ"
"918","Mozambique","2013",NA,"MOZ"
"919","Mozambique","2014",NA,"MOZ"
"920","Mozambique","2015",17,"MOZ"
"921","Mozambique","2016",70,"MOZ"
"922","Mozambique","2017",80,"MOZ"
"923","Mozambique","2018",80,"MOZ"
"924","Mozambique","2019",88,"MOZ"
"925","Namibia","2006",NA,"NAM"
"926","Namibia","2007",NA,"NAM"
"927","Namibia","2008",NA,"NAM"
"928","Namibia","2009",NA,"NAM"
"929","Namibia","2010",NA,"NAM"
"930","Namibia","2011",NA,"NAM"
"931","Namibia","2012",NA,"NAM"
"932","Namibia","2013",NA,"NAM"
"933","Namibia","2014",NA,"NAM"
"934","Namibia","2015",87,"NAM"
"935","Namibia","2016",86,"NAM"
"936","Namibia","2017",86,"NAM"
"937","Namibia","2018",92,"NAM"
"938","Namibia","2019",90,"NAM"
"939","New Zealand","2006",NA,"NZL"
"940","New Zealand","2007",NA,"NZL"
"941","New Zealand","2008",NA,"NZL"
"942","New Zealand","2009",NA,"NZL"
"943","New Zealand","2010",NA,"NZL"
"944","New Zealand","2011",NA,"NZL"
"945","New Zealand","2012",NA,"NZL"
"946","New Zealand","2013",NA,"NZL"
"947","New Zealand","2014",NA,"NZL"
"948","New Zealand","2015",NA,"NZL"
"949","New Zealand","2016",66,"NZL"
"950","New Zealand","2017",89,"NZL"
"951","New Zealand","2018",86,"NZL"
"952","New Zealand","2019",86,"NZL"
"953","Nicaragua","2006",NA,"NIC"
"954","Nicaragua","2007",66,"NIC"
"955","Nicaragua","2008",89,"NIC"
"956","Nicaragua","2009",94,"NIC"
"957","Nicaragua","2010",98,"NIC"
"958","Nicaragua","2011",98,"NIC"
"959","Nicaragua","2012",98,"NIC"
"960","Nicaragua","2013",98,"NIC"
"961","Nicaragua","2014",98,"NIC"
"962","Nicaragua","2015",98,"NIC"
"963","Nicaragua","2016",98,"NIC"
"964","Nicaragua","2017",98,"NIC"
"965","Nicaragua","2018",98,"NIC"
"966","Nicaragua","2019",98,"NIC"
"967","Niger","2006",NA,"NER"
"968","Niger","2007",NA,"NER"
"969","Niger","2008",NA,"NER"
"970","Niger","2009",NA,"NER"
"971","Niger","2010",NA,"NER"
"972","Niger","2011",NA,"NER"
"973","Niger","2012",NA,"NER"
"974","Niger","2013",NA,"NER"
"975","Niger","2014",19,"NER"
"976","Niger","2015",47,"NER"
"977","Niger","2016",80,"NER"
"978","Niger","2017",85,"NER"
"979","Niger","2018",79,"NER"
"980","Niger","2019",78,"NER"
"981","Niue","2006",NA,"NIU"
"982","Niue","2007",NA,"NIU"
"983","Niue","2008",NA,"NIU"
"984","Niue","2009",NA,"NIU"
"985","Niue","2010",NA,"NIU"
"986","Niue","2011",NA,"NIU"
"987","Niue","2012",NA,"NIU"
"988","Niue","2013",NA,"NIU"
"989","Niue","2014",NA,"NIU"
"990","Niue","2015",NA,"NIU"
"991","Niue","2016",74,"NIU"
"992","Niue","2017",99,"NIU"
"993","Niue","2018",99,"NIU"
"994","Niue","2019",99,"NIU"
"995","Norway","2006",NA,"NOR"
"996","Norway","2007",NA,"NOR"
"997","Norway","2008",NA,"NOR"
"998","Norway","2009",NA,"NOR"
"999","Norway","2010",NA,"NOR"
"1000","Norway","2011",NA,"NOR"
"1001","Norway","2012",NA,"NOR"
"1002","Norway","2013",NA,"NOR"
"1003","Norway","2014",NA,"NOR"
"1004","Norway","2015",NA,"NOR"
"1005","Norway","2016",NA,"NOR"
"1006","Norway","2017",NA,"NOR"
"1007","Norway","2018",93,"NOR"
"1008","Norway","2019",95,"NOR"
"1009","Pakistan","2006",NA,"PAK"
"1010","Pakistan","2007",NA,"PAK"
"1011","Pakistan","2008",NA,"PAK"
"1012","Pakistan","2009",NA,"PAK"
"1013","Pakistan","2010",NA,"PAK"
"1014","Pakistan","2011",NA,"PAK"
"1015","Pakistan","2012",NA,"PAK"
"1016","Pakistan","2013",NA,"PAK"
"1017","Pakistan","2014",NA,"PAK"
"1018","Pakistan","2015",NA,"PAK"
"1019","Pakistan","2016",NA,"PAK"
"1020","Pakistan","2017",12,"PAK"
"1021","Pakistan","2018",58,"PAK"
"1022","Pakistan","2019",75,"PAK"
"1023","Palau","2006",NA,"PLW"
"1024","Palau","2007",NA,"PLW"
"1025","Palau","2008",NA,"PLW"
"1026","Palau","2009",15,"PLW"
"1027","Palau","2010",76,"PLW"
"1028","Palau","2011",89,"PLW"
"1029","Palau","2012",89,"PLW"
"1030","Palau","2013",99,"PLW"
"1031","Palau","2014",99,"PLW"
"1032","Palau","2015",97,"PLW"
"1033","Palau","2016",98,"PLW"
"1034","Palau","2017",95,"PLW"
"1035","Palau","2018",93,"PLW"
"1036","Palau","2019",92,"PLW"
"1037","Panama","2006",82,"PAN"
"1038","Panama","2007",66,"PAN"
"1039","Panama","2008",74,"PAN"
"1040","Panama","2009",78,"PAN"
"1041","Panama","2010",89,"PAN"
"1042","Panama","2011",95,"PAN"
"1043","Panama","2012",92,"PAN"
"1044","Panama","2013",87,"PAN"
"1045","Panama","2014",87,"PAN"
"1046","Panama","2015",87,"PAN"
"1047","Panama","2016",92,"PAN"
"1048","Panama","2017",94,"PAN"
"1049","Panama","2018",95,"PAN"
"1050","Panama","2019",94,"PAN"
"1051","Paraguay","2006",NA,"PRY"
"1052","Paraguay","2007",NA,"PRY"
"1053","Paraguay","2008",NA,"PRY"
"1054","Paraguay","2009",NA,"PRY"
"1055","Paraguay","2010",56,"PRY"
"1056","Paraguay","2011",85,"PRY"
"1057","Paraguay","2012",87,"PRY"
"1058","Paraguay","2013",86,"PRY"
"1059","Paraguay","2014",90,"PRY"
"1060","Paraguay","2015",91,"PRY"
"1061","Paraguay","2016",91,"PRY"
"1062","Paraguay","2017",93,"PRY"
"1063","Paraguay","2018",91,"PRY"
"1064","Paraguay","2019",86,"PRY"
"1065","Peru","2006",NA,"PER"
"1066","Peru","2007",NA,"PER"
"1067","Peru","2008",3,"PER"
"1068","Peru","2009",41,"PER"
"1069","Peru","2010",75,"PER"
"1070","Peru","2011",84,"PER"
"1071","Peru","2012",91,"PER"
"1072","Peru","2013",86,"PER"
"1073","Peru","2014",86,"PER"
"1074","Peru","2015",87,"PER"
"1075","Peru","2016",87,"PER"
"1076","Peru","2017",85,"PER"
"1077","Peru","2018",85,"PER"
"1078","Peru","2019",90,"PER"
"1079","Philippines","2006",NA,"PHL"
"1080","Philippines","2007",NA,"PHL"
"1081","Philippines","2008",NA,"PHL"
"1082","Philippines","2009",NA,"PHL"
"1083","Philippines","2010",NA,"PHL"
"1084","Philippines","2011",NA,"PHL"
"1085","Philippines","2012",5,"PHL"
"1086","Philippines","2013",28,"PHL"
"1087","Philippines","2014",1,"PHL"
"1088","Philippines","2015",2,"PHL"
"1089","Philippines","2016",NA,"PHL"
"1090","Philippines","2017",NA,"PHL"
"1091","Philippines","2018",NA,"PHL"
"1092","Philippines","2019",NA,"PHL"
"1093","Qatar","2006",NA,"QAT"
"1094","Qatar","2007",NA,"QAT"
"1095","Qatar","2008",NA,"QAT"
"1096","Qatar","2009",59,"QAT"
"1097","Qatar","2010",55,"QAT"
"1098","Qatar","2011",93,"QAT"
"1099","Qatar","2012",90,"QAT"
"1100","Qatar","2013",97,"QAT"
"1101","Qatar","2014",90,"QAT"
"1102","Qatar","2015",92,"QAT"
"1103","Qatar","2016",99,"QAT"
"1104","Qatar","2017",93,"QAT"
"1105","Qatar","2018",95,"QAT"
"1106","Qatar","2019",95,"QAT"
"1107","Republic of Moldova","2006",NA,"MDA"
"1108","Republic of Moldova","2007",NA,"MDA"
"1109","Republic of Moldova","2008",NA,"MDA"
"1110","Republic of Moldova","2009",NA,"MDA"
"1111","Republic of Moldova","2010",NA,"MDA"
"1112","Republic of Moldova","2011",NA,"MDA"
"1113","Republic of Moldova","2012",21,"MDA"
"1114","Republic of Moldova","2013",65,"MDA"
"1115","Republic of Moldova","2014",62,"MDA"
"1116","Republic of Moldova","2015",62,"MDA"
"1117","Republic of Moldova","2016",70,"MDA"
"1118","Republic of Moldova","2017",66,"MDA"
"1119","Republic of Moldova","2018",67,"MDA"
"1120","Republic of Moldova","2019",66,"MDA"
"1121","Rwanda","2006",NA,"RWA"
"1122","Rwanda","2007",NA,"RWA"
"1123","Rwanda","2008",NA,"RWA"
"1124","Rwanda","2009",NA,"RWA"
"1125","Rwanda","2010",NA,"RWA"
"1126","Rwanda","2011",NA,"RWA"
"1127","Rwanda","2012",50,"RWA"
"1128","Rwanda","2013",98,"RWA"
"1129","Rwanda","2014",98,"RWA"
"1130","Rwanda","2015",98,"RWA"
"1131","Rwanda","2016",98,"RWA"
"1132","Rwanda","2017",98,"RWA"
"1133","Rwanda","2018",98,"RWA"
"1134","Rwanda","2019",98,"RWA"
"1135","Sao Tome and Principe","2006",NA,"STP"
"1136","Sao Tome and Principe","2007",NA,"STP"
"1137","Sao Tome and Principe","2008",NA,"STP"
"1138","Sao Tome and Principe","2009",NA,"STP"
"1139","Sao Tome and Principe","2010",NA,"STP"
"1140","Sao Tome and Principe","2011",NA,"STP"
"1141","Sao Tome and Principe","2012",NA,"STP"
"1142","Sao Tome and Principe","2013",NA,"STP"
"1143","Sao Tome and Principe","2014",NA,"STP"
"1144","Sao Tome and Principe","2015",NA,"STP"
"1145","Sao Tome and Principe","2016",24,"STP"
"1146","Sao Tome and Principe","2017",95,"STP"
"1147","Sao Tome and Principe","2018",95,"STP"
"1148","Sao Tome and Principe","2019",95,"STP"
"1149","Saudi Arabia","2006",NA,"SAU"
"1150","Saudi Arabia","2007",NA,"SAU"
"1151","Saudi Arabia","2008",NA,"SAU"
"1152","Saudi Arabia","2009",NA,"SAU"
"1153","Saudi Arabia","2010",NA,"SAU"
"1154","Saudi Arabia","2011",NA,"SAU"
"1155","Saudi Arabia","2012",NA,"SAU"
"1156","Saudi Arabia","2013",84,"SAU"
"1157","Saudi Arabia","2014",94,"SAU"
"1158","Saudi Arabia","2015",95,"SAU"
"1159","Saudi Arabia","2016",95,"SAU"
"1160","Saudi Arabia","2017",97,"SAU"
"1161","Saudi Arabia","2018",97,"SAU"
"1162","Saudi Arabia","2019",95,"SAU"
"1163","Senegal","2006",NA,"SEN"
"1164","Senegal","2007",NA,"SEN"
"1165","Senegal","2008",NA,"SEN"
"1166","Senegal","2009",NA,"SEN"
"1167","Senegal","2010",NA,"SEN"
"1168","Senegal","2011",NA,"SEN"
"1169","Senegal","2012",NA,"SEN"
"1170","Senegal","2013",NA,"SEN"
"1171","Senegal","2014",NA,"SEN"
"1172","Senegal","2015",83,"SEN"
"1173","Senegal","2016",93,"SEN"
"1174","Senegal","2017",94,"SEN"
"1175","Senegal","2018",80,"SEN"
"1176","Senegal","2019",94,"SEN"
"1177","Seychelles","2006",NA,"SYC"
"1178","Seychelles","2007",NA,"SYC"
"1179","Seychelles","2008",NA,"SYC"
"1180","Seychelles","2009",NA,"SYC"
"1181","Seychelles","2010",NA,"SYC"
"1182","Seychelles","2011",NA,"SYC"
"1183","Seychelles","2012",NA,"SYC"
"1184","Seychelles","2013",NA,"SYC"
"1185","Seychelles","2014",NA,"SYC"
"1186","Seychelles","2015",NA,"SYC"
"1187","Seychelles","2016",NA,"SYC"
"1188","Seychelles","2017",8,"SYC"
"1189","Seychelles","2018",99,"SYC"
"1190","Seychelles","2019",99,"SYC"
"1191","Sierra Leone","2006",NA,"SLE"
"1192","Sierra Leone","2007",NA,"SLE"
"1193","Sierra Leone","2008",NA,"SLE"
"1194","Sierra Leone","2009",NA,"SLE"
"1195","Sierra Leone","2010",NA,"SLE"
"1196","Sierra Leone","2011",NA,"SLE"
"1197","Sierra Leone","2012",NA,"SLE"
"1198","Sierra Leone","2013",NA,"SLE"
"1199","Sierra Leone","2014",53,"SLE"
"1200","Sierra Leone","2015",85,"SLE"
"1201","Sierra Leone","2016",95,"SLE"
"1202","Sierra Leone","2017",92,"SLE"
"1203","Sierra Leone","2018",92,"SLE"
"1204","Sierra Leone","2019",92,"SLE"
"1205","South Africa","2006",NA,"ZAF"
"1206","South Africa","2007",NA,"ZAF"
"1207","South Africa","2008",NA,"ZAF"
"1208","South Africa","2009",17,"ZAF"
"1209","South Africa","2010",60,"ZAF"
"1210","South Africa","2011",67,"ZAF"
"1211","South Africa","2012",74,"ZAF"
"1212","South Africa","2013",77,"ZAF"
"1213","South Africa","2014",85,"ZAF"
"1214","South Africa","2015",85,"ZAF"
"1215","South Africa","2016",73,"ZAF"
"1216","South Africa","2017",71,"ZAF"
"1217","South Africa","2018",70,"ZAF"
"1218","South Africa","2019",73,"ZAF"
"1219","Sudan","2006",NA,"SDN"
"1220","Sudan","2007",NA,"SDN"
"1221","Sudan","2008",NA,"SDN"
"1222","Sudan","2009",NA,"SDN"
"1223","Sudan","2010",NA,"SDN"
"1224","Sudan","2011",27,"SDN"
"1225","Sudan","2012",75,"SDN"
"1226","Sudan","2013",80,"SDN"
"1227","Sudan","2014",86,"SDN"
"1228","Sudan","2015",84,"SDN"
"1229","Sudan","2016",90,"SDN"
"1230","Sudan","2017",95,"SDN"
"1231","Sudan","2018",94,"SDN"
"1232","Sudan","2019",94,"SDN"
"1233","Tajikistan","2006",NA,"TJK"
"1234","Tajikistan","2007",NA,"TJK"
"1235","Tajikistan","2008",NA,"TJK"
"1236","Tajikistan","2009",NA,"TJK"
"1237","Tajikistan","2010",NA,"TJK"
"1238","Tajikistan","2011",NA,"TJK"
"1239","Tajikistan","2012",NA,"TJK"
"1240","Tajikistan","2013",NA,"TJK"
"1241","Tajikistan","2014",NA,"TJK"
"1242","Tajikistan","2015",85,"TJK"
"1243","Tajikistan","2016",96,"TJK"
"1244","Tajikistan","2017",97,"TJK"
"1245","Tajikistan","2018",96,"TJK"
"1246","Tajikistan","2019",97,"TJK"
"1247","Togo","2006",NA,"TGO"
"1248","Togo","2007",NA,"TGO"
"1249","Togo","2008",NA,"TGO"
"1250","Togo","2009",NA,"TGO"
"1251","Togo","2010",NA,"TGO"
"1252","Togo","2011",NA,"TGO"
"1253","Togo","2012",NA,"TGO"
"1254","Togo","2013",NA,"TGO"
"1255","Togo","2014",28,"TGO"
"1256","Togo","2015",78,"TGO"
"1257","Togo","2016",80,"TGO"
"1258","Togo","2017",80,"TGO"
"1259","Togo","2018",79,"TGO"
"1260","Togo","2019",80,"TGO"
"1261","Turkmenistan","2006",NA,"TKM"
"1262","Turkmenistan","2007",NA,"TKM"
"1263","Turkmenistan","2008",NA,"TKM"
"1264","Turkmenistan","2009",NA,"TKM"
"1265","Turkmenistan","2010",NA,"TKM"
"1266","Turkmenistan","2011",NA,"TKM"
"1267","Turkmenistan","2012",NA,"TKM"
"1268","Turkmenistan","2013",NA,"TKM"
"1269","Turkmenistan","2014",NA,"TKM"
"1270","Turkmenistan","2015",NA,"TKM"
"1271","Turkmenistan","2016",NA,"TKM"
"1272","Turkmenistan","2017",NA,"TKM"
"1273","Turkmenistan","2018",NA,"TKM"
"1274","Turkmenistan","2019",4,"TKM"
"1275","Uganda","2006",NA,"UGA"
"1276","Uganda","2007",NA,"UGA"
"1277","Uganda","2008",NA,"UGA"
"1278","Uganda","2009",NA,"UGA"
"1279","Uganda","2010",NA,"UGA"
"1280","Uganda","2011",NA,"UGA"
"1281","Uganda","2012",NA,"UGA"
"1282","Uganda","2013",NA,"UGA"
"1283","Uganda","2014",NA,"UGA"
"1284","Uganda","2015",NA,"UGA"
"1285","Uganda","2016",NA,"UGA"
"1286","Uganda","2017",NA,"UGA"
"1287","Uganda","2018",36,"UGA"
"1288","Uganda","2019",87,"UGA"
"1289","United Arab Emirates","2006",NA,"ARE"
"1290","United Arab Emirates","2007",NA,"ARE"
"1291","United Arab Emirates","2008",NA,"ARE"
"1292","United Arab Emirates","2009",NA,"ARE"
"1293","United Arab Emirates","2010",NA,"ARE"
"1294","United Arab Emirates","2011",NA,"ARE"
"1295","United Arab Emirates","2012",NA,"ARE"
"1296","United Arab Emirates","2013",NA,"ARE"
"1297","United Arab Emirates","2014",56,"ARE"
"1298","United Arab Emirates","2015",87,"ARE"
"1299","United Arab Emirates","2016",92,"ARE"
"1300","United Arab Emirates","2017",90,"ARE"
"1301","United Arab Emirates","2018",99,"ARE"
"1302","United Arab Emirates","2019",92,"ARE"
"1303","United Kingdom of Great Britain and Northern Ireland","2006",NA,"GBR"
"1304","United Kingdom of Great Britain and Northern Ireland","2007",NA,"GBR"
"1305","United Kingdom of Great Britain and Northern Ireland","2008",NA,"GBR"
"1306","United Kingdom of Great Britain and Northern Ireland","2009",NA,"GBR"
"1307","United Kingdom of Great Britain and Northern Ireland","2010",NA,"GBR"
"1308","United Kingdom of Great Britain and Northern Ireland","2011",NA,"GBR"
"1309","United Kingdom of Great Britain and Northern Ireland","2012",NA,"GBR"
"1310","United Kingdom of Great Britain and Northern Ireland","2013",NA,"GBR"
"1311","United Kingdom of Great Britain and Northern Ireland","2014",NA,"GBR"
"1312","United Kingdom of Great Britain and Northern Ireland","2015",89,"GBR"
"1313","United Kingdom of Great Britain and Northern Ireland","2016",90,"GBR"
"1314","United Kingdom of Great Britain and Northern Ireland","2017",90,"GBR"
"1315","United Kingdom of Great Britain and Northern Ireland","2018",91,"GBR"
"1316","United Kingdom of Great Britain and Northern Ireland","2019",90,"GBR"
"1317","United Republic of Tanzania","2006",NA,"TZA"
"1318","United Republic of Tanzania","2007",NA,"TZA"
"1319","United Republic of Tanzania","2008",NA,"TZA"
"1320","United Republic of Tanzania","2009",NA,"TZA"
"1321","United Republic of Tanzania","2010",NA,"TZA"
"1322","United Republic of Tanzania","2011",NA,"TZA"
"1323","United Republic of Tanzania","2012",NA,"TZA"
"1324","United Republic of Tanzania","2013",85,"TZA"
"1325","United Republic of Tanzania","2014",97,"TZA"
"1326","United Republic of Tanzania","2015",95,"TZA"
"1327","United Republic of Tanzania","2016",89,"TZA"
"1328","United Republic of Tanzania","2017",87,"TZA"
"1329","United Republic of Tanzania","2018",85,"TZA"
"1330","United Republic of Tanzania","2019",85,"TZA"
"1331","United States of America","2006",NA,"USA"
"1332","United States of America","2007",NA,"USA"
"1333","United States of America","2008",NA,"USA"
"1334","United States of America","2009",44,"USA"
"1335","United States of America","2010",59,"USA"
"1336","United States of America","2011",67,"USA"
"1337","United States of America","2012",69,"USA"
"1338","United States of America","2013",73,"USA"
"1339","United States of America","2014",72,"USA"
"1340","United States of America","2015",72,"USA"
"1341","United States of America","2016",73,"USA"
"1342","United States of America","2017",73,"USA"
"1343","United States of America","2018",73,"USA"
"1344","United States of America","2019",74,"USA"
"1345","Uzbekistan","2006",NA,"UZB"
"1346","Uzbekistan","2007",NA,"UZB"
"1347","Uzbekistan","2008",NA,"UZB"
"1348","Uzbekistan","2009",NA,"UZB"
"1349","Uzbekistan","2010",NA,"UZB"
"1350","Uzbekistan","2011",NA,"UZB"
"1351","Uzbekistan","2012",NA,"UZB"
"1352","Uzbekistan","2013",NA,"UZB"
"1353","Uzbekistan","2014",52,"UZB"
"1354","Uzbekistan","2015",95,"UZB"
"1355","Uzbekistan","2016",99,"UZB"
"1356","Uzbekistan","2017",99,"UZB"
"1357","Uzbekistan","2018",84,"UZB"
"1358","Uzbekistan","2019",48,"UZB"
"1359","Venezuela (Bolivarian Republic of)","2006",13,"VEN"
"1360","Venezuela (Bolivarian Republic of)","2007",29,"VEN"
"1361","Venezuela (Bolivarian Republic of)","2008",50,"VEN"
"1362","Venezuela (Bolivarian Republic of)","2009",54,"VEN"
"1363","Venezuela (Bolivarian Republic of)","2010",49,"VEN"
"1364","Venezuela (Bolivarian Republic of)","2011",66,"VEN"
"1365","Venezuela (Bolivarian Republic of)","2012",76,"VEN"
"1366","Venezuela (Bolivarian Republic of)","2013",77,"VEN"
"1367","Venezuela (Bolivarian Republic of)","2014",76,"VEN"
"1368","Venezuela (Bolivarian Republic of)","2015",84,"VEN"
"1369","Venezuela (Bolivarian Republic of)","2016",47,"VEN"
"1370","Venezuela (Bolivarian Republic of)","2017",18,"VEN"
"1371","Venezuela (Bolivarian Republic of)","2018",NA,"VEN"
"1372","Venezuela (Bolivarian Republic of)","2019",NA,"VEN"
"1373","Yemen","2006",NA,"YEM"
"1374","Yemen","2007",NA,"YEM"
"1375","Yemen","2008",NA,"YEM"
"1376","Yemen","2009",NA,"YEM"
"1377","Yemen","2010",NA,"YEM"
"1378","Yemen","2011",NA,"YEM"
"1379","Yemen","2012",23,"YEM"
"1380","Yemen","2013",56,"YEM"
"1381","Yemen","2014",57,"YEM"
"1382","Yemen","2015",52,"YEM"
"1383","Yemen","2016",59,"YEM"
"1384","Yemen","2017",68,"YEM"
"1385","Yemen","2018",64,"YEM"
"1386","Yemen","2019",73,"YEM"
"1387","Zambia","2006",NA,"ZMB"
"1388","Zambia","2007",NA,"ZMB"
"1389","Zambia","2008",NA,"ZMB"
"1390","Zambia","2009",NA,"ZMB"
"1391","Zambia","2010",NA,"ZMB"
"1392","Zambia","2011",NA,"ZMB"
"1393","Zambia","2012",NA,"ZMB"
"1394","Zambia","2013",NA,"ZMB"
"1395","Zambia","2014",73,"ZMB"
"1396","Zambia","2015",82,"ZMB"
"1397","Zambia","2016",90,"ZMB"
"1398","Zambia","2017",96,"ZMB"
"1399","Zambia","2018",91,"ZMB"
"1400","Zambia","2019",90,"ZMB"
"1401","Zimbabwe","2006",NA,"ZWE"
"1402","Zimbabwe","2007",NA,"ZWE"
"1403","Zimbabwe","2008",NA,"ZWE"
"1404","Zimbabwe","2009",NA,"ZWE"
"1405","Zimbabwe","2010",NA,"ZWE"
"1406","Zimbabwe","2011",NA,"ZWE"
"1407","Zimbabwe","2012",NA,"ZWE"
"1408","Zimbabwe","2013",NA,"ZWE"
"1409","Zimbabwe","2014",48,"ZWE"
"1410","Zimbabwe","2015",87,"ZWE"
"1411","Zimbabwe","2016",91,"ZWE"
"1412","Zimbabwe","2017",91,"ZWE"
"1413","Zimbabwe","2018",90,"ZWE"
"1414","Zimbabwe","2019",92,"ZWE"
